PUBLIC_NAM,Rec_count,Education_count,Facility_count,Maintenance_count,Aesthetic_count,Collisions_2011_2014,Incidents_2011_200m,Incidents_norm,sqm,violent_crimes_total,violent_crimes_sqm,narcotic_crimes,narcotic_crimes_sq_m,water_perc,tree_perc,grass_perc,built_perc,t_safety,t_recreation,t_amenities,t_landscape,t_accessibility,t_condition,t_size,t_aesthetic
William H (Billy) Markward Memorial Playground,6,0,0,0,0,81,26,105.5478037,13674.97914,20,0.001462525,14,0.001023768,0,0.283331898,0.336366077,0.380302025,0.556172963,0.354950672,1.070823729,-0.124137669,0.038300472,0.500727749,0.212755314,-0.207576396
Schuylkill Banks,0,0,0,0,0,918,179,139.1836831,59558.91051,86,0.001443949,90,0.001511109,0.047880958,0.389424738,0.138776621,0.423917683,-0.016942178,0.774810832,-0.024756635,0.536710494,-0.134263354,-0.110570985,-0.079822661,0.561685379
Schuylkill River Park,7,0,0,0,0,89,54,175.7743672,29651.34217,32,0.001079209,21,0.000708231,0,0.444225611,0.242005196,0.313769193,0.016217292,0.576185755,0.12125791,0.425120562,-0.130808169,-0.017235642,0.092464321,0.260481091
Frankford Boat Launch,0,0,0,0,0,0,0,0,46011.8877,0,0,0,0,0,0.237362088,0.368655449,0.393982463,0.012114035,0.06979632,-0.234194583,0.387114382,0.06630605,0.058395873,-0.104967772,-0.242091334
Wissahickon Valley Park,11,2,3,1,1,727,524,62.071106,8353228.274,437,5.23E-05,59,7.06314E-06,0.005665288,0.88135041,0.068978825,0.044005477,-0.075060514,0.607545867,-0.113493359,0.34852002,-0.026942693,-0.120482009,-0.074243653,0.475487197
Pennypack Park,4,3,2,1,0,423,620,104.3679189,5533754.141,847,0.000153061,653,0.000118003,0.007456343,0.900464414,0.056477802,0.035601441,0.040316826,0.492627781,-0.07218073,0.230314219,-0.124399105,0.137077153,-0.142080904,0.270368198
East Fairmount Park,10,2,2,1,1,876,523,164.7833779,2629184.326,755,0.000287161,333,0.000126655,0.056490645,0.477842168,0.238027372,0.227639815,-0.073488794,0.079635215,-0.12640802,0.058102592,-0.129770445,-0.107144366,-0.154639081,0.196771481
Tacony Creek Park,8,0,0,0,0,430,727,308.6694114,1281800.723,1376,0.00107349,278,0.000216882,0.00857491,0.647472127,0.253906833,0.090046131,0.234022372,0.425466022,-0.166458026,0.062756152,-0.226935101,0.145542825,-0.259431716,0.124348761
Franklin Delano Roosevelt Park,6,3,3,0,0,140,89,83.72512214,1410755.861,61,4.32E-05,16,1.13414E-05,0.065897982,0.379711078,0.430609444,0.123781496,-0.046694392,0.32332879,0.071866111,0.51204642,0.057496331,0.028067641,0.070701859,0.125172878
Hunting Park,8,1,2,0,1,295,307,503.9582332,309452.1387,1021,0.003299379,433,0.001399247,0.000173041,0.303419386,0.503679418,0.192728155,0.195812655,0.109749651,-0.001158365,-0.183683588,-0.053485348,0.142352448,-0.065818012,-0.187785092
Awbury Park and Recreation Center,6,0,0,0,0,50,108,255.6761308,112984.5363,225,0.001991423,181,0.001601989,0.001576319,0.486019442,0.361226598,0.151177641,-0.007582949,0.147438951,0.304588014,-0.066643225,-0.154562104,0.204803367,0.030084602,-0.037942525
Fisher Park,4,0,0,0,0,69,124,312.8154551,99141.45472,320,0.003227711,110,0.001109526,0.000328403,0.755285536,0.175593396,0.068792666,0.300468807,0.327544309,0.264913499,0.02422017,-0.301405904,0.743519776,-0.061629778,-0.174830465
Sedgley Woods Disc Golf Course,0,1,0,0,0,34,9,21.38854016,123243.9459,3,2.43E-05,3,2.4342E-05,0,0.78498041,0.211938663,0.003080927,-0.034742905,-0.144895525,-0.109331835,-0.783165233,-0.077171869,-0.184979363,0.00339735,-0.254546411
Al Pearlman Sports Center,1,0,0,0,0,14,8,30.57343488,28416.59136,7,0.000246335,0,0,0.000221835,0.177275763,0.59569883,0.226803571,-0.143049669,0.595954818,0.355471259,-0.266809846,0.331345567,0.335112448,-0.164425879,0.145873379
Chamounix Tennis Courts,1,1,1,0,0,12,3,9.435558057,16865.8578,0,0,0,0,0,0.388892996,0.320087239,0.291019764,0.323630575,0.600773337,2.034564911,0.350070528,-0.262375575,0.566123958,-0.183239339,-0.324176081
Smith Memorial Playground and Playhouse,3,0,1,0,0,0,4,17.20451689,18571.35211,2,0.000107693,1,5.38464E-05,0,0.620396896,0.167110564,0.21249254,0.010712449,-0.235414965,0.670252162,-0.232877258,0.068507603,0.064053826,0.148868715,-0.306210983
Fox Chase School Playground,3,0,0,0,0,8,27,128.3025141,6931.852451,22,0.003173755,14,0.002019662,0,0.000389723,0.119784953,0.879825324,0.169778775,0.546780752,0.983540119,-0.177212137,-0.022788165,0.827757547,-0.065695476,-0.465210785
Wissahickon Environmental Center,0,2,0,0,0,0,0,0,10288.00511,0,0,0,0,0,0.955539246,0.038427612,0.006033142,0.046192255,0.332708004,-0.185497476,0.90377594,0.368156593,-0.344310905,-0.069004852,-0.317178231
Ford Road Playground,2,0,0,0,0,8,11,56.84663479,6456.884877,42,0.006504685,7,0.001084114,0,0.603886141,0.300870144,0.095243715,0.335118701,-0.171035077,0.516938794,0.188424312,-0.323193237,-0.119866763,-0.136814556,-0.014743591
Verree and Susquehanna Playground,3,0,0,0,0,5,13,47.47474823,15591.02551,13,0.000833813,0,0,0,0.315652672,0.566711246,0.117636082,0.051470679,-0.067078421,1.035942776,-0.163519413,-0.118596089,0.628677788,0.366018502,-0.172051249
Jose Manuel Collazo Park,2,0,0,0,0,77,175,926.3134979,6228.646586,470,0.075457805,577,0.092636497,0,0.070448226,0.004304304,0.92524747,-0.043461632,-0.007242568,0.68528891,-0.302889252,-0.405909186,0.750545133,0.027884891,-0.134413905
Hunting Park Recreation Center,3,0,0,0,0,27,10,40.52633488,21715.97657,54,0.002486648,11,0.00050654,0,0.05247527,0.632532753,0.314991977,0.222205085,0.556150749,0.118901529,-0.148853033,0.036539471,0.169717328,-0.195741083,-0.617445491
Belmont Plateau,1,0,0,0,0,149,16,33.0509658,190102.8135,13,6.84E-05,4,2.10412E-05,0,0.173684218,0.719317981,0.106997801,-0.017179545,-0.124868891,-0.199089351,-0.104452011,-0.195732113,-0.104082778,-0.120718024,0.801879823
Edgley Fields,1,0,0,0,0,5,14,35.66944805,114147.9902,12,0.000105127,3,2.62817E-05,0.001171274,0.091672543,0.825978378,0.081177804,-0.256680214,1.739227446,-0.316053487,0.157351586,-0.294950247,-0.203345154,0.415042438,0.152389024
Dairy Fields,1,0,1,0,0,87,4,12.42129792,59844.57204,2,3.34E-05,1,1.671E-05,0,0.171006054,0.705354972,0.123638973,-0.162286832,0.525519078,-0.197710676,-0.235703906,-0.255148303,-0.211486429,-0.253417999,-0.256468781
Salvatore Pachella Memorial Field,1,0,1,0,0,11,5,17.75216299,38406.92236,2,5.21E-05,0,0,0.000546504,0.245768199,0.644330334,0.109354963,-0.143671215,0.853969053,0.688438492,-0.177488868,0.989725475,0.349273967,0.255507427,-0.177379048
Dell Music Center,0,1,0,0,0,34,29,89.93075062,34523.73457,70,0.002027591,16,0.000463449,0,0.344433542,0.180388427,0.475178031,0.049683736,-0.628486256,-0.161058527,-0.199539276,-0.04599023,-0.175328652,-0.243157654,-0.194394729
Cobbs Creek Golf Club,1,0,2,1,0,53,105,139.8787113,1311706.429,198,0.000150948,81,6.17516E-05,0.000413158,0.503092678,0.467684782,0.028809382,0.027203284,-0.288371857,0.095524974,-0.038640264,0.380682773,0.128831931,-0.282194429,-0.187165646
Pennypack on the Delaware,3,0,1,0,0,296,69,40.9789676,730457.3339,436,0.000596886,855,0.0011705,0.256136722,0.278880556,0.373540524,0.091442198,-0.06380576,0.663111298,0.076358482,0.69080603,0.120011406,0.241824813,-0.09063558,0.531672792
Fox Chase Farm,0,1,0,1,0,8,3,10.10382523,485617.6539,3,6.18E-06,0,0,4.39E-07,0.432866778,0.529574716,0.037558067,-0.281148549,-0.375043894,-0.302019576,0.052441394,0.442278492,-0.08565799,-0.140825245,-0.048540228
Morris Park,4,1,0,0,1,93,136,160.0857859,515993.7679,302,0.000585278,167,0.000323647,0.000277508,0.904566868,0.078756194,0.016399429,0.136463021,0.431067223,-0.002719743,0.136831542,-0.175893176,0.167087966,-0.090542207,0.373316964
Juniata Golf Club,1,0,0,0,0,59,116,162.0002319,372027.7213,188,0.000505339,29,7.79512E-05,0.007521264,0.40673199,0.515015435,0.070731311,-0.040748721,-0.160120357,-0.102561621,-0.274262264,-0.077210709,0.027279004,-0.083076014,-0.253297193
Walnut Lane Golf Club,1,0,0,0,0,111,35,43.66082476,272254.5752,26,9.55E-05,6,2.20382E-05,0.001192056,0.467799099,0.428387468,0.102621378,-0.014486174,-0.111836446,-0.007599029,-0.191850784,0.172543097,0.08468982,-0.129845907,-0.240838665
John F Byrne Golf Club,1,0,0,0,0,33,66,88.92739302,347009.3623,38,0.000109507,5,1.44088E-05,0.002866995,0.366883678,0.583264114,0.046985214,-0.068747841,-0.27585706,0.523718033,-0.093742657,-0.027714244,0.240670457,-0.207553897,-0.277807088
Philadelphia Zoo,0,2,1,0,1,353,78,109.4207509,222700.7034,210,0.00094297,63,0.000282891,0.005295902,0.530994634,0.02314519,0.440564274,-0.099978369,-0.197195381,-0.251231926,-0.10828514,0.115296254,-0.041584992,0.110695918,-0.208748361
Manatawna Farm,0,1,0,1,0,0,1,2.775134401,261127.6481,0,0,0,0,0.000840925,0.258448743,0.676524613,0.064185719,-0.170141118,-0.478421222,-0.188443977,-0.290397486,-0.293646174,-0.151809508,-0.159764568,-0.491636341
Wisters Woods Park,1,0,0,0,0,94,112,148.3767562,249770.2338,267,0.001068982,148,0.000592545,0.0029917,0.855151454,0.10862587,0.033230975,0.084871436,-0.153012667,-0.193720604,-0.045189183,-0.077048285,0.757636057,-0.309342955,0.313665797
Fairmount Park Horticulture Center,0,1,3,1,2,166,17,32.4092235,162976.525,11,6.75E-05,1,6.13585E-06,0.000445881,0.642394684,0.184310078,0.172849356,-0.072124215,0.031229584,-0.109709885,1.108223372,0.021125902,-0.165210905,0.108209381,0.638990967
Bartrams Garden,3,1,2,0,1,12,62,109.8067443,202449.3769,201,0.000992841,48,0.000237096,0.087690484,0.519957155,0.322946467,0.069405894,-0.05577577,0.131206559,-0.094164016,1.315056294,0.113872607,-0.094397505,-0.136202068,0.554689291
Wissinoming Park,6,0,0,0,0,42,170,370.2374101,172528.5465,266,0.001541774,72,0.000417322,0.000668516,0.530687508,0.347534118,0.121109858,-0.075060514,0.607545867,-0.113493359,0.34852002,-0.026942693,-0.120482009,-0.074243653,0.475487197
Fernhill Park,5,1,1,0,0,179,107,175.6465408,171530.2262,213,0.001241764,45,0.000262344,0,0.683429369,0.243583189,0.072987442,0.131973999,0.31038153,0.364247274,-0.126432568,-0.075761497,0.400216262,0.091373546,0.001047335
Roxborough Reservoir Park,0,0,0,0,0,12,23,52.89167179,150887.93,11,7.29E-05,3,1.98823E-05,0.057561137,0.751968509,0.128804396,0.061665957,-0.252274029,1.023730419,-0.036815641,0.139125378,-0.212695681,-0.206893535,-0.117150105,0.24094269
Manayunk Canal,0,0,0,0,0,65,178,141.5700365,136793.1031,174,0.001271994,11,8.04134E-05,0.068032936,0.505602313,0.003651151,0.4227136,-0.117941877,0.816581762,0.231958904,0.324192408,-0.102326592,-0.046741811,-0.229294274,0.338952286
Holme Crispin Park,1,0,0,0,0,27,42,90.84616248,128058.5408,25,0.000195223,6,4.68536E-05,0.001255032,0.772596925,0.158106395,0.068041648,-0.12822791,0.462980938,-0.12093954,-0.265459802,0.170876062,-0.211086352,-0.238765192,-0.298142043
Disston Park,3,0,0,0,1,70,207,304.7178469,95101.4,246,0.002586713,53,0.0005573,0.000300097,0.437350817,0.400521964,0.161827122,0.317220894,0.306331724,0.134692585,-0.251367609,-0.148350653,0.631152729,-0.189266909,-0.032549827
Jim Junod Recreation Center,7,0,0,0,0,5,14,36.67281829,95165.9027,10,0.00010508,10,0.00010508,0,0.100849738,0.730209428,0.168940834,-0.040564188,0.135685297,0.793997571,-0.021531181,-0.020497379,0.305715235,-0.209361052,-0.158046381
Michael Palmer Playground,6,0,0,0,0,58,66,111.3126272,300109.2633,52,0.00017327,4,1.33285E-05,0,0.700143591,0.241988516,0.057867893,0.430431309,0.362574393,1.186358023,-0.229813117,-0.151999626,0.461177984,-0.02561511,-0.213573511
29th and Chalmers Playground,5,0,1,0,0,46,66,197.9456685,60819.32658,282,0.004636684,136,0.002236131,0,0.055662682,0.576547435,0.367789883,-0.152621688,-0.004133538,0.605390154,-0.361566715,0.046008925,0.157115763,-0.090781798,0.041541517
Joseph E Mander Playground,7,0,0,0,0,41,82,223.5634697,90107.52753,200,0.00221957,111,0.001231862,0.000196048,0.192244502,0.660553562,0.147005888,-0.093677395,0.488786751,0.843006443,-0.396157086,0.3120912,-0.112942184,0.147714423,-0.393714395
Susan Gorgas Park,2,0,1,0,0,21,49,124.4011452,85479.95385,84,0.000982687,84,0.000982687,0,0.317654772,0.457499242,0.224845986,0.139113817,-0.02149854,0.477251287,-0.043112179,-0.188535991,0.357207941,0.003924304,0.188450704
Marconi Plaza,3,0,0,0,0,84,110,310.0041982,76267.98344,142,0.001861856,69,0.000904705,0.003721315,0.440786408,0.387084849,0.168407428,0.220229663,0.286296463,0.265656514,-0.094496373,-0.071242626,0.270761601,-0.007700603,-0.198033862
Fort Mifflin,0,1,0,0,0,0,0,0,163384.2321,0,0,0,0,0.17981315,0.387173573,0.241530826,0.191482451,-0.125321631,-0.321929814,-0.201544329,-0.153533985,0.358054458,-0.420840689,-0.152641848,-0.115382952
J Francis Finnegan Playground,8,0,0,0,0,29,141,369.6670443,71619.20032,294,0.004105044,167,0.002331777,0.003381297,0.128923683,0.624161327,0.243533693,1.43290532,0.349622636,0.997727397,-0.057592838,-0.314957556,-0.078854462,-0.078021186,-0.224606322
Lawncrest Recreation Center,7,0,0,0,0,33,128,390.3803679,60048.62751,203,0.003380594,137,0.002281484,0,0.148592075,0.515821204,0.335586721,0.197981091,0.334570914,0.268951953,-0.185628301,-0.212770473,0.258628253,0.386440434,-0.29657662
Pastorius Park,0,0,1,0,0,6,34,95.54320932,66616.26147,14,0.000210159,3,4.5034E-05,0.017873595,0.831957215,0.145567685,0.004601505,-0.095629573,-0.053754951,0.341976831,0.391058256,-0.060650483,0.081735138,0.26204077,0.440249769
Joseph F Vogt Playground,8,0,0,1,0,18,163,478.9171826,64069.55442,214,0.00334012,52,0.000811618,0,0.023126624,0.59257245,0.384300925,0.168797605,0.352310864,0.573265426,-0.137335325,-0.215496112,0.526147472,-0.097167853,-0.379961585
American Legion Playground,6,0,0,0,0,404,159,475.5771786,63623.90238,217,0.003410668,95,0.00149315,0,0.0184591,0.785164998,0.196375902,0.56040618,0.410449361,0.630045731,-0.242658654,-0.062172907,1.027177736,-0.048024722,-0.360928887
George Jacobs Playground,7,0,0,0,0,22,17,50.76196263,59445.55723,14,0.00023551,0,0,0,0.180013494,0.577058831,0.242927675,0.504889985,0.540117861,1.057300155,-0.227280415,-0.01223272,0.211118317,0.081680357,-0.246887257
Fox Chase Recreation Center,8,0,0,0,0,39,48,139.8298368,66243.97585,42,0.00063402,37,0.000558541,0,0.257062936,0.477884962,0.265052102,0.446212594,0.207877319,0.687944601,-0.292166169,0.121205215,0.086713095,-0.193436984,-0.498466286
William B Simons Recreation Center,5,0,0,0,0,21,86,269.6973505,53097.09955,194,0.003653684,105,0.001977509,0,0.030350116,0.522077319,0.447572565,-0.037719191,0.951331986,0.027010639,-0.101616904,-0.175941784,-0.134445875,-0.287152891,-0.493897021
Olney Recreation Center,6,0,0,0,0,27,122,375.9646784,55124.38924,219,0.003972833,36,0.000653068,0.002324813,0.158875193,0.582369374,0.256430621,0.520393842,0.659304445,0.462160115,-0.10971827,-0.149201565,0.037140935,-0.205925978,-0.357753987
Max Myers Playground,7,0,0,0,1,88,151,480.4146886,50061.22555,221,0.004414594,111,0.002217285,0,0.13602462,0.473785005,0.390190375,0.277787535,0.311589417,0.459996726,-0.231202855,-0.173355685,0.174195191,0.073500215,-0.281000068
Corporal Jimmy OConnor Memorial Playground,5,0,0,0,0,24,48,122.0242048,55603.6885,44,0.000791314,32,0.000575501,0,0.204487809,0.492623719,0.302888473,0.629618816,0.154278881,1.329572619,-0.20637698,-0.271673079,1.015096188,-0.121618473,-0.21742667
Gustine Recreation Center,3,0,0,0,0,69,16,49.59724395,49062.78692,9,0.000183438,2,4.07641E-05,3.39E-05,0.154870355,0.13833227,0.706763488,0.542909696,0.63570024,0.054480545,-0.083821847,-0.327102111,0.863073119,-0.375932078,-0.572802295
Clarence H Clark Park,2,0,1,1,0,64,114,321.8187281,48699.97823,99,0.002032855,23,0.000472279,0.003041286,0.717309728,0.146445479,0.133203507,0.113673549,0.083526254,0.093290162,-0.005198254,-0.160895395,-0.001200088,0.008083426,0.045888053
William A Lackman Memorial Playground,6,0,0,1,0,12,17,56.56685016,46303.69665,13,0.000280755,2,4.31931E-05,0,0.215292094,0.564205251,0.220502655,0.299125245,0.328712568,1.125395385,-0.193911117,0.050844752,0.496753445,0.005823804,-0.259997652
William (Billy) Gambrel Playground,5,0,0,0,0,43,209,682.1190672,46720.18382,528,0.011301325,180,0.003852725,0,0.124445281,0.640311013,0.235243706,0.096675162,0.4313145,0.264319028,-0.264091969,-0.217340407,0.124775472,-0.263934806,-0.206839307
Carmella A DiTizio Playground,6,0,0,0,0,60,133,451.5887185,45256.82848,293,0.006474161,85,0.00187817,0,0.10321129,0.712219127,0.184569583,0.397797863,0.188584016,0.439952073,-0.150734889,-0.104242984,0.182569684,-0.01693447,-0.273943923
Joseph A Ferko Playground,5,0,0,0,0,24,104,290.4470665,42617.30039,127,0.00298001,34,0.000797798,0.001105328,0.375687985,0.353965039,0.269241647,0.358285832,-0.206099358,0.683651537,-0.142814016,-0.306822718,-0.171825675,0.592223856,-0.342542259
Germany Hill,0,0,0,0,0,13,40,125.5975479,43814.82749,25,0.000570583,6,0.00013694,0.000564422,0.985432549,0.00989872,0.004104309,-0.011726564,-0.185507089,0.040468732,0.143929134,0.159593169,0.036874079,0.126602656,-0.32748187
Thomas E Jardel Memorial Field,7,0,0,0,0,47,76,257.5887663,43623.83059,101,0.002315248,50,0.001146163,0,0.088529062,0.545218087,0.36625285,0.092507176,0.436581487,0.669940759,-0.265030332,-0.036802872,0.043577547,0.029573682,-0.237956651
Stenton Park,5,0,0,0,0,48,104,317.9608944,46653.59189,417,0.008938219,354,0.00758784,0.000573137,0.320353622,0.530031018,0.149042224,0.197042833,0.067215861,0.120167145,-0.180416319,-0.033171522,0.1806578,-0.304208659,-0.258358225
Thomas Holme School Playground,5,0,0,0,0,44,43,142.8457229,40985.5898,34,0.00082956,5,0.000121994,0,0.029047845,0.816569457,0.154382697,-0.032733833,0.253825445,1.102927015,-0.17646773,-0.190998785,0.981360315,0.061002886,-0.339490294
Water Tower Recreation Center,6,0,0,0,0,6,41,133.5494731,38645.92639,26,0.000672775,2,5.17519E-05,0,0.510752293,0.251490909,0.237756798,0.133123912,0.328089996,0.848345895,-0.136851583,0.037231102,0.252464557,-0.200597292,-0.441346673
James J Ramp Playground,6,0,0,0,0,15,29,98.40086428,36599.85736,34,0.000928965,8,0.00021858,0.000211979,0.085168439,0.680995471,0.233624111,0.071254611,0.635146264,1.000123493,0.140070154,0.119428006,0.157337133,-0.138648055,-0.157290974
Elizabeth M Picariello Playground,5,0,1,0,0,10,42,143.9712889,38190.99785,56,0.001466314,11,0.000288026,0.004501865,0.052698308,0.568588152,0.374211675,0.533489223,0.075204186,0.973746281,-0.222666528,-0.263928803,0.308805196,-0.076879222,-0.412815001
Reyburn Park,5,0,0,0,0,84,150,488.0846032,29352.25012,342,0.011651577,177,0.006030202,0.001779494,0.311963674,0.57078326,0.115473572,-0.461347897,0.839398734,0.806533886,-0.405673345,-0.285840808,0.215898257,0.097243032,0.627338052
Ronald Trumbette Playground,4,0,0,0,0,16,21,74.93897904,34269.73199,16,0.000466884,1,2.91803E-05,0.002445823,0.221464219,0.622987502,0.153102456,0.710328987,0.274666857,0.604145143,0.197933867,1.200302415,0.355389446,0.6679664,-0.412492203
Seymour Tarken Recreation Center,7,0,0,0,0,52,103,365.3519207,35996.27762,172,0.004778272,79,0.002194671,0,0.149745299,0.510833691,0.33942101,0.146281546,0.306538521,0.537350537,-0.215328884,-0.135103167,0.177005855,-0.037800673,-0.325094351
33rd and Oxford Driving Range,1,0,1,0,0,23,16,58.42343874,36387.54221,26,0.00071453,7,0.000192374,0,0.140304384,0.842001455,0.017694162,0.413240423,-0.056091298,-0.053831481,-0.401093121,0.666409286,0.067584958,-0.207681374,-0.240903402
Edward Houseman Playground,6,0,0,0,0,60,84,286.0514086,35066.83432,158,0.004505682,87,0.002480977,0,0.157043748,0.520726085,0.322230168,0.420893501,0.521267142,0.382671659,-0.236912221,-0.167358737,0.216062426,-0.028478379,-0.297843312
Samuel F Houston Playground,8,0,0,0,0,0,1,3.820947988,25096.37474,9,0.000358618,0,0,0,0.274527989,0.441374075,0.284097935,0.252630692,0.652027335,1.253152646,-0.046044172,0.362401554,0.38327732,-0.049847996,-0.11276525
Vernon Park,2,1,0,0,0,72,249,866.587134,34295.01285,349,0.010176407,512,0.014929284,0.00033732,0.62218959,0.204203774,0.173269317,0.225252631,-0.038943795,0.091625987,-0.187947546,-0.127477104,0.26472394,0.010062231,0.007197699
Haddington-Marshall L Shepard Sr Recreation Center,6,0,1,0,0,50,133,488.3405824,33243.24984,427,0.012844713,538,0.016183737,0,0.122540031,0.461594885,0.415865084,0.166835275,0.497501531,0.712544406,-0.169180298,-0.221184953,-0.009388181,-0.129585612,-0.290380426
Penn Treaty Park,1,0,0,0,0,145,58,209.021668,34480.32658,28,0.000812057,3,8.70061E-05,0.016669513,0.383115487,0.471018235,0.129196765,0.078734703,0.03181772,0.153622157,0.34023707,-0.125350536,0.083655018,-0.122939944,0.445373838
W Freeland Kendrick Recreation Center,7,0,0,0,0,28,65,242.3990581,32436.24436,52,0.001603145,18,0.000554935,0,0.200762009,0.372632604,0.426605387,0.330634726,0.751192628,0.701110961,-0.233554761,0.067726433,0.040500538,-0.183329414,-0.467181161
Bridesburg Recreation Center,6,0,0,0,0,14,56,207.9777896,32305.156,56,0.001733469,11,0.000340503,0,0.099004593,0.601689318,0.299306089,0.292188941,0.019300735,0.415644036,-0.235207366,0.29158246,0.380847482,0.065520798,-0.368939151
Francis J Myers Recreation Center,6,0,0,0,0,65,166,619.452857,30857.61644,523,0.016948814,520,0.016851593,0,0.169473066,0.44726047,0.383266464,0.221638011,0.319459535,0.41513251,-0.156216584,-0.084410012,0.184803712,-0.026449855,-0.365242694
Thomas B Smith Recreation Center,5,0,0,0,0,99,100,360.2164464,30718.72262,280,0.009114962,194,0.006315367,0.004686681,0.222013213,0.46851937,0.304780735,0.173724997,0.273411356,0.590500794,-0.12835489,-0.317213229,0.082864952,-0.155307019,-0.103420081
Rittenhouse Square,0,1,0,0,1,67,615,2374.975992,29598.33692,214,0.007230136,166,0.005608423,0.012865492,0.702092603,0.117153911,0.167887995,0.114093257,-0.034981245,0.13600645,0.093142576,-0.146966482,-0.084901889,-0.055683139,0.388579962
Samuel Rose Recreation Center,5,0,0,0,0,32,38,141.541394,29810.74515,79,0.002650051,46,0.001543068,0,0.430772448,0.400118516,0.169109035,-0.080972623,0.080963522,0.281093219,-0.243256758,-0.29764878,0.51605322,-0.240005882,-0.285560755
Loudoun Park,0,1,0,0,0,65,109,383.8794979,31031.40795,248,0.007991903,91,0.002932513,0.001924279,0.717242611,0.20137289,0.07946022,0.761726313,0.697336596,-0.158216537,0.224846328,0.253921417,-0.323630763,-0.231311746,0.392496398
Harry S McDevitt Playground,5,0,0,0,0,48,18,69.42559299,25306.54934,31,0.001224979,4,0.000158062,0,0.328808446,0.290745197,0.380446357,0.577262378,0.654425616,1.004385817,-0.1988486,0.211907328,-0.089113799,-0.179823035,-0.049446972
Washington Square,0,1,0,0,1,58,158,605.0756316,29089.76633,77,0.002646979,39,0.001340678,0.004129417,0.729287426,0.108091181,0.158491977,-0.028002738,0.052427068,0.12673318,0.081050031,-0.343553831,-0.051035,-0.042853795,0.34773304
Charles J Ziehler Playground,5,0,0,0,0,29,150,574.5797383,28766.77829,235,0.008169146,66,0.002294313,0,0.09911576,0.598272939,0.302611301,0.279481772,0.220531282,1.030242727,-0.119761728,-0.11553915,0.776946739,0.045493849,-0.2700417
Franklin Square,2,0,1,0,1,225,64,243.1829927,28995.55838,58,0.002000306,123,0.004242029,0.008622564,0.672710505,0.130819753,0.187847178,-0.092008044,-0.162821575,0.598192571,-0.078095007,-0.04629782,-0.058157944,-0.107999028,0.182815045
Thomas Mitchell Playground,6,0,0,0,1,4,20,74.01232039,27686.61216,21,0.000758489,8,0.000288948,0,0.199156327,0.527220458,0.273623215,0.307563133,0.193145148,1.095600442,-0.191276967,0.286458404,0.24455035,-0.008728587,-0.270368583
Charles M Finley Playground,5,0,0,0,0,29,59,227.3591916,26890.4084,77,0.002863475,45,0.001673459,0,0.219472109,0.42831014,0.352217751,0.239943775,0.371214454,1.078827389,-0.270882499,-0.205118632,0.459584574,-0.070852469,-0.18985659
Norris Square,2,0,0,1,0,25,136,540.1210013,25902.60168,246,0.009497116,276,0.0106553,0.001495008,0.507265098,0.301638625,0.189601269,0.391328424,0.073792573,0.058189372,-0.088745886,-0.173048413,0.442427819,-0.140711804,-0.084968154
Tomlinson and Gifford Playground,5,0,0,0,0,21,19,74.2864771,25900.10958,37,0.001428565,9,0.000347489,0,0.140042792,0.655461353,0.204495855,0.307335146,0.459908087,0.782848043,-0.21643647,-0.041527015,0.593999146,0.270716984,-0.229041446
McPherson Square,1,0,0,0,0,86,277,1094.082257,25864.00855,968,0.037426526,4239,0.163895708,0.000200886,0.450038302,0.290601747,0.259159064,1.815781875,-0.199113587,-0.01317033,-0.102336805,-0.069819131,0.108129262,-0.141020017,-0.219693713
Morris Estate Cultural Center,6,0,0,0,0,57,87,328.6553099,25824.13994,228,0.008828948,121,0.004685538,0.000150219,0.407224999,0.320897344,0.271727438,0.046205012,-0.269710483,0.136811869,-0.431939161,0.188753377,-0.065514616,-0.079351093,-0.580297989
Sergeant John J McVeigh Recreation Center,5,0,0,0,1,71,228,902.9449441,25576.87886,486,0.019001537,650,0.025413578,0.000839621,0.114746461,0.543419264,0.340994654,1.085820826,0.345287441,0.094375711,-0.167234287,-0.238308726,0.347671414,-0.084454013,-0.433250702
Malcolm X Memorial Park,1,0,0,1,0,66,139,551.0504466,25486.40119,433,0.016989452,461,0.018088078,0,0.672488727,0.131953108,0.195558165,0.26504152,-0.188528005,0.09880034,-0.081242209,-0.180652365,0.13408413,-0.029059893,-0.108549132
Joseph A Scanlon Playground,6,0,0,0,0,51,166,646.1834015,24857.29406,315,0.012672337,290,0.011666596,0,0.063854633,0.49781921,0.438326157,0.557151291,0.460262302,0.743308163,-0.284796359,0.06923908,0.798282756,-0.179368089,-0.078247643
Fairmount Water Works Historic Area,0,1,1,0,1,99,19,63.01970853,21808.9743,18,0.000825348,17,0.000779496,0,0.229604526,0.245066495,0.52532898,-0.058132493,-0.050413833,-0.135465352,0.266333162,-0.117078442,-0.172225063,-0.147443671,0.50848496
Boniface Piccoli Playground,7,0,0,0,0,43,88,353.1894402,24332.22332,171,0.007027718,23,0.000945249,0,0.077441192,0.385614607,0.5369442,0.399913589,-0.027666124,0.632810759,-0.233809694,-0.042750392,0.314875337,-0.207129378,-0.244228361
Mayfair Recreation Center,3,0,0,0,0,30,61,230.4575298,26204.73179,91,0.003472655,17,0.000648738,0,0.015205668,0.554427937,0.430366395,0.01041464,0.300692677,0.471804906,-0.231418434,-0.183518631,0.216494449,-0.04856596,-0.224054768
Cliveden Park,1,0,0,0,0,33,53,207.3823913,24089.01828,175,0.007264721,110,0.004566396,0,0.756382052,0.135681687,0.107936261,0.254605586,0.25691113,0.192043074,0.277930875,-0.097845155,0.626310759,-0.136483825,0.178573906
Helen G Sturgis Playground,6,0,0,0,0,17,28,112.8571336,23642.59386,41,0.001734158,15,0.000634448,0.002089102,0.505310655,0.243003853,0.24959639,0.373928961,-0.174375425,1.769716785,-0.244723836,-0.117130189,1.390172708,-0.246947968,-0.360993685
John L Barrett Playground,5,0,0,0,0,30,113,438.964624,23372.95931,349,0.014931785,156,0.006674379,0,0.207577199,0.552777506,0.239645295,0.612530886,0.029976734,0.644490133,-0.02530963,0.016507179,0.608654442,-0.107003361,-0.258704771
John J McCreesh Sr Playground,5,0,0,0,0,23,209,750.2752495,21439.42763,361,0.016838136,377,0.017584425,0,0.091581615,0.530929035,0.377489351,0.305567015,0.404935209,0.680104631,-0.236885785,-0.306971853,0.255873777,-0.143852865,-0.160526324
Parkside Evans Recreation Center,5,0,0,0,0,21,47,180.5894792,16242.68215,151,0.009296494,102,0.006279751,1.28E-05,0.329730075,0.10753486,0.562722272,0.094635321,0.498390205,1.000690581,0.026656166,-0.294782881,0.282049892,-0.048310083,-0.154866194
Franklin Delano Roosevelt Playground,5,0,0,1,0,37,83,339.5763917,22071.64797,119,0.005391532,18,0.000815526,0,0.066966079,0.578205032,0.354828889,0.459668694,0.32881784,0.697571102,-0.194537983,-0.059858868,0.457513255,-0.078272392,-0.349276657
A Albert Cherashore Playground,6,0,0,0,0,55,51,210.4935139,21207.84526,131,0.006176959,63,0.002970599,0,0.115752581,0.555398771,0.328848648,0.099251025,0.95751167,0.397577716,-0.305736139,-0.208181982,0.113282602,-0.211460677,-0.409801663
William T Granahan Playground,5,0,0,0,0,13,56,215.3519234,21483.23343,147,0.006842545,142,0.006609806,0,0.109802973,0.597523459,0.292673567,0.265566125,0.201660891,0.493554725,-0.21165408,-0.269529925,-0.045687149,-0.142172587,-0.257191371
George Connell Park,2,0,1,0,0,54,192,791.7439553,21532.78687,443,0.020573278,349,0.016207842,0,0.548069846,0.311535683,0.140394471,0.155299919,0.042727104,0.531023064,-0.213048353,-0.25033683,0.642004397,0.509728779,0.286354542
Lonnie Young Recreation Center of East Germantown,5,0,0,0,0,25,128,520.3281854,21161.01156,333,0.015736488,294,0.013893476,0,0.219939179,0.411834796,0.368226025,0.301178779,0.230332144,0.377504159,-0.132663504,-0.131507863,0.241038118,-0.245741174,-0.303394145
Eileen Fitzpatrick Playground,5,0,0,0,0,13,13,53.70067279,19995.07145,44,0.002200542,8,0.000400099,0,0.024457924,0.621099637,0.354442439,1.37102802,0.602715164,0.580962947,-0.206053188,0.495491129,0.56395152,0.54389275,-0.314042719
Waterview Recreation Center,6,0,0,0,1,50,72,296.6636417,20900.57718,205,0.009808342,282,0.01349245,0,0.155020517,0.455333408,0.389646075,0.435403707,0.310388548,0.378832488,-0.138919285,-0.26791689,0.426395845,-0.233774455,-0.350186333
Cohocksink Recreation Center,6,0,0,0,0,47,172,682.2444843,20706.24344,234,0.011300939,81,0.003911864,0,0.055336788,0.451878072,0.49278514,0.280499706,0.485781618,0.739383538,0.006427477,-0.008862407,0.263412193,-0.26855196,-0.307802893
McMichael Park,0,0,0,0,0,40,23,89.34019432,23648.35857,14,0.000592007,6,0.000253717,0,0.790083134,0.161387084,0.048529782,0.290793551,0.19227599,0.407440557,0.112930044,-0.114121184,0.417886436,0.040679126,0.107243961
Harrowgate Park,1,0,0,0,0,60,224,929.6668724,19879.28293,607,0.030534301,900,0.045273263,0,0.545807126,0.350365014,0.10382786,1.178670687,-0.062798986,0.021316292,-0.147648641,-0.171073468,0.558489571,-0.178464516,-0.184207949
48th and Woodland Playground,4,0,0,0,0,68,59,245.5710446,19613.49019,127,0.006475135,25,0.001274633,0,0.108577403,0.570946185,0.320476412,0.097929009,0.158493236,0.297197591,-0.194676827,-0.018864805,0.37074641,-0.02420116,-0.203506579
Narcissa S Cruz Recreation Center,6,0,0,0,0,28,86,363.7263072,19464.98677,177,0.00909325,87,0.004469564,0.003544446,0.190517539,0.39632673,0.409611285,0.076084046,0.534824395,0.332380426,-0.224617669,-0.119119565,-0.119643721,-0.143663426,-0.215001621
Holmesburg Recreation Center,4,0,0,0,0,41,66,263.9867937,18952.02052,101,0.005329247,49,0.002585476,0,0.095272036,0.634428057,0.270299907,0.748809337,0.218783399,0.602304625,0.160538525,0.605032087,0.351116484,-0.237792366,-0.482044122
Lardners Point Park,0,0,1,0,0,4,3,11.68313918,20093.94603,2,9.95E-05,0,0,0.041953847,0.514410429,0.242375868,0.201259857,-0.009203004,0.276418848,0.06932748,0.37992876,0.093184006,0.066014453,-0.138410675,0.282219983
Frederick Cione Playground,6,0,0,0,0,69,162,603.3614673,19231.6475,107,0.005563746,31,0.001611926,0,0.030344838,0.516416975,0.453238188,0.294957343,0.254005898,0.319740309,-0.270812134,0.022353121,0.273364724,-0.058253209,-0.379757211
Pleasant Playground,7,0,0,0,0,27,48,198.3847725,19247.5211,121,0.006286524,48,0.002493828,0.025621554,0.210622922,0.281567165,0.482188359,0.041593364,0.456475452,1.016442971,-0.275274338,-0.0136459,0.451453132,-0.097748195,-0.335580639
Athletic Recreation Center,6,0,0,0,0,15,100,425.3244485,18993.70714,221,0.011635433,149,0.007844703,0,0.402109532,0.305316868,0.2925736,0.111391618,0.570748067,0.343707217,-0.177722673,-0.183824093,0.077483764,-0.402240984,-0.244618141
Happy Hollow Recreation Center,5,0,0,0,0,22,103,419.0277409,18568.28018,293,0.015779598,249,0.013409966,0,0.360309205,0.287145298,0.352545497,-0.112542712,-0.648656484,-0.116891754,-0.41015873,-0.360567402,-0.211439203,-0.240437214,-0.33821177
CCA Baldi School Playground,5,0,0,0,0,15,8,32.78331854,18711.18338,7,0.000374108,12,0.000641328,0,0.254437563,0.594676035,0.150886402,1.227005333,-0.013829476,0.051994704,-0.103804598,-0.237853921,-0.486050753,-0.133045866,-0.459408579
Reverend M Monkiewicz Recreation Center,6,0,0,0,0,174,54,160.6871644,38675.80431,74,0.001913341,25,0.000646399,0,0.05887937,0.525785808,0.415334822,0.585379669,0.368225803,0.538112845,-0.191818695,0.240594023,-0.179962912,-0.186525144,-0.533373525
Ernest L Tustin Recreation Center,5,0,0,0,0,37,52,217.6343106,17497.84572,151,0.008629634,182,0.01040128,0,0.20676659,0.30429068,0.48894273,0.428583208,0.104362053,0.678352459,-0.099985134,-0.185962351,0.214133476,-0.099139721,-0.297855128
Wharton Square,3,0,0,0,0,27,115,499.7561373,17377.56167,327,0.01881737,285,0.01640046,0,0.563678897,0.194356891,0.241964212,0.260865636,0.242485038,0.566337497,-0.118695643,-0.264368777,0.242254903,-0.141719133,-0.18998929
Mifflin Square,2,0,0,1,0,38,180,787.3387093,16883.07913,356,0.021086201,463,0.027423907,0.000640092,0.422530415,0.303756437,0.273073057,0.6146858,0.062588455,0.202324477,-0.089117808,-0.064361838,0.350617992,-0.056664944,-0.18648838
Belfield Recreation Center,5,0,0,0,0,37,174,663.4674133,16247.04636,274,0.016864604,200,0.01230993,0,0.090765295,0.477966318,0.431268386,0.377921413,0.632011602,0.855578665,-0.27864123,-0.002346362,0.678031737,-0.117825645,-0.444489448
Overington Park,1,0,0,1,1,19,167,730.5977822,16689.84731,350,0.020970833,229,0.013720916,0,0.500093388,0.398599599,0.101307013,0.018375448,0.045187684,0.16908175,0.237034236,-0.047797089,0.651684925,-0.051037505,0.057878757
Columbus Square,4,0,1,0,0,37,99,434.557427,16638.80034,82,0.00492824,50,0.003005024,0.002760211,0.265509015,0.296475006,0.435255767,-0.291738904,0.381230092,1.003639811,-0.003458026,0.204212181,0.448406094,-0.015163347,-0.116461219
Dr Nicola Capitolo Playground,4,0,0,0,1,45,177,784.2461575,16559.71563,123,0.007427664,54,0.003260926,0,0.104742223,0.487813959,0.407443818,-0.136061786,0.287154124,0.606622179,-0.270844338,0.158199679,-0.020961483,0.193980308,-0.435322714
George A Vare Recreation Center,5,0,0,0,1,33,112,491.5026028,16623.26222,274,0.016482926,191,0.011489923,0,0.115766267,0.184039108,0.700194625,-0.084057595,0.688407212,0.220627613,-0.258737163,-0.237277955,0.14731205,-0.063584382,-0.331993639
Mount Airy Playground,4,0,0,0,0,13,47,202.9767958,16438.50602,39,0.002372478,10,0.000608328,0,0.125476727,0.436052171,0.438471101,0.482258372,0.560649751,0.77476261,-0.246781551,-0.222766804,0.602871253,-0.193739663,-0.232421199
Hillside Recreation Center,5,0,0,0,0,10,38,154.2177209,16510.44596,26,0.001574761,7,0.000423974,0,0.368834438,0.273101452,0.35806411,0.40591406,0.413332735,0.352600291,-0.150204356,0.079988181,0.151018968,-0.162870009,-0.378231422
Rodin Museum,0,1,0,0,1,127,114,478.1007064,16852.44808,66,0.003916345,69,0.004094361,0.00040284,0.482346993,0.046532085,0.470718082,-0.179321596,-0.370117359,-0.377562045,0.307946606,0.08094503,-0.35384931,0.13961365,0.214662077
Stephen Girard Park,0,1,0,0,0,19,134,591.3635878,16269.61554,39,0.002397106,20,0.001229285,0.001729194,0.844549375,0.103497197,0.050224235,0.049561512,0.343288723,0.103192413,0.047914049,-0.16149113,0.377686295,-0.136095584,0.211295893
Commodore John Barry Playground,6,0,1,0,0,26,110,485.9119502,16238.22085,59,0.003633403,35,0.002155409,0,0.077804229,0.263925152,0.658270619,0.345005088,0.136443869,1.131120662,-0.293861842,-0.153895921,0.348027263,-0.079784907,-0.178982782
Senator William Vincent Mullin Playground,4,0,0,0,0,33,118,475.2026048,15756.76167,129,0.008186961,37,0.002348198,0.00072538,0.062562921,0.579547803,0.357163896,-0.000931835,0.051799345,0.837563841,-0.373024544,-0.318784152,0.881454194,0.020418855,-0.172480434
Marie Dendy Recreation Center,7,0,0,0,0,12,64,282.9646465,15148.062,73,0.004819098,25,0.001650376,0,0.173115875,0.393934406,0.432949719,-0.300183372,0.155666429,0.09319835,-0.213849101,-0.277095593,0.491173381,0.149868995,-0.10682512
Dan Shissler Recreation Center,5,0,0,1,0,31,147,533.4273778,15772.82228,166,0.010524432,52,0.00329681,8.34E-05,0.039308003,0.438932052,0.521676497,0.128546269,0.810908725,0.897560276,-0.18432722,0.008870548,0.030858495,-0.167411628,-0.352760755
Solomon Sacks Playground,5,0,0,1,0,44,76,339.7160707,15129.25094,134,0.008857015,47,0.003106565,0,0.04526016,0.519175473,0.435564367,0.010497402,0.7863229,0.885064949,-0.298047652,-0.193099151,0.627329262,-0.009446467,-0.385921776
Victor J Moss Memorial Field,5,0,0,0,0,43,126,563.2251708,14950.78037,279,0.018661233,146,0.009765377,0,0.029904134,0.577551975,0.39254389,0.437660332,0.193587312,0.806103104,-0.209145748,-0.235381122,0.434588238,0.04336249,-0.249453501
Daniel E Rumph II Recreation Center,4,0,0,0,0,12,43,192.7427213,14884.99566,125,0.008397718,40,0.00268727,0,0.103383765,0.557402073,0.339214162,0.121965948,0.300848059,0.338389311,-0.16717591,-0.212362126,0.278121388,-0.181538213,-0.042787302
Dorothy Emanuel Recreation Center,5,0,0,0,0,7,40,186.6134461,14886.76944,86,0.005776942,18,0.001209127,0,0.079511984,0.43749273,0.482995286,0.341081494,0.341866225,0.341750457,-0.333978352,-0.296291529,0.179577496,-0.007282604,-0.423933365
Francisville Recreation Center,6,0,0,0,0,25,122,547.0021016,14898.85677,149,0.010000767,89,0.005973613,8.37E-05,0.17694264,0.327132569,0.495841102,-0.056289286,0.355888039,0.934549092,-0.248272174,0.173282614,-0.01661411,-0.086884579,-0.242486365
Joseph Deni Recreation Center,3,0,0,0,0,5,87,387.3441165,14249.47685,205,0.014386493,71,0.004982639,0,0.087976197,0.453075472,0.458948331,0.198224961,0.317989129,1.136536162,-0.320678328,-0.224129944,0.463011339,-0.074036403,-0.142426179
James Allen Shuler Playground,5,0,0,0,0,26,68,317.1225343,12108.20245,223,0.018417267,114,0.009415105,0,0.201556109,0.441494322,0.356949569,0.60295906,0.215692816,0.363970067,-0.030059657,-0.241894217,0.008520501,-0.029362443,-0.41546006
Marian Anderson Recreation Center,7,0,0,0,0,32,141,645.7196427,13601.10582,112,0.008234625,38,0.00279389,0.001910234,0.18878718,0.202255605,0.607046982,0.247171369,1.094570194,0.341346936,-0.248743852,-0.050694122,0.328352875,-0.209126022,-0.207303019
Disston Recreation Center,5,0,0,0,0,14,78,357.2298436,13478.93111,118,0.008754403,57,0.004228822,0,0.30127454,0.379227053,0.319498407,-0.027801085,0.958865833,1.371931743,-0.111431555,-0.282570228,0.304681446,0.057908312,-0.37198126
Feltonville Recreation Center,6,0,0,0,0,28,145,651.688908,13271.24318,265,0.019967986,115,0.008665352,0,0.136803754,0.274035525,0.589160721,0.663975794,0.106772726,0.287288617,-0.173322937,-0.185156528,0.336683097,-0.117943997,-0.316881708
Walter Palumbo Recreation Center,4,0,0,0,0,22,202,932.6066302,13035.04893,94,0.007211327,34,0.002608352,0.005973417,0.109466591,0.396530741,0.488029251,-0.127292023,1.004970226,1.119622319,-0.305496485,-0.075243511,-0.01691191,0.125977652,-0.293321404
Albert W Christy Sr Recreation Center,6,0,0,0,0,42,132,595.0503911,12767.46026,380,0.029763163,180,0.01409834,0,0.093304395,0.340678242,0.566017363,0.408071568,0.495201264,0.356819151,-0.216274518,-0.233483941,0.527455828,-0.173065407,-0.287991404
Jefferson Square,0,0,0,0,0,51,65,300.401625,12659.31578,115,0.009084219,27,0.002132817,0,0.70970937,0.06544782,0.22484281,0.068060808,0.077992231,0.068615149,0.104164446,-0.046681129,0.072225807,-0.069767517,-0.056734597
William A Cibotti Recreation Center,4,0,0,0,0,3,16,90.85548122,12351.43917,47,0.003805225,9,0.00072866,0,0.174831607,0.459582845,0.365585548,0.17693116,1.1377572,0.464446246,-0.409988638,-0.172404416,-0.16188388,-0.407236858,-0.592957942
Northwood Park,0,0,0,0,0,30,55,254.6589517,12124.95418,83,0.006845387,18,0.001484542,0,0.643663517,0.288955289,0.067381195,0.16967782,0.839145099,0.197679977,-0.280158145,-0.108551744,0.62844582,-0.355547991,-0.586631848
Pleasant Hill Park,2,0,1,2,0,10,27,40.49534419,186187.4801,27,0.000145015,12,6.44512E-05,0.219444473,0.328186179,0.258612902,0.193756446,0.037298224,0.029441955,0.246198961,0.483840277,-0.071138088,0.164753114,-0.125106211,0.168009398
Robert T Heitzman Recreation Center,6,0,0,0,0,44,100,467.1208838,11766.80258,206,0.01750688,37,0.00314444,0,0.06285139,0.400698218,0.536450392,0.590438043,0.377525805,0.526309837,-0.191338088,-0.240819963,0.460919721,-0.170417574,-0.346627437
Fairhill Square,1,0,1,0,0,70,193,884.5676526,11584.02975,381,0.032890109,415,0.035825184,0,0.668468738,0.112304518,0.219226744,-0.183046101,-0.238556318,-0.692731187,-0.264474166,-0.315330275,0.91792413,-0.204092687,1.016523358
Wister Playground,4,0,0,0,0,16,71,330.2675408,11550.67351,135,0.01168763,98,0.008484354,0.005529501,0.230002039,0.516684459,0.247784002,0.345944658,0.574128568,0.976472989,-0.277887198,-0.187589682,0.397809509,0.293227111,-0.387495765
Charles H Chew Jr Playground,5,0,0,0,1,26,158,744.1294571,11325.35608,154,0.013597806,150,0.013244617,0.000819627,0.131678584,0.357571457,0.509930332,0.233558084,0.306792007,1.087929112,-0.089224828,-0.121070619,0.184410883,-0.041551829,-0.275570825
Campbell Square,0,0,0,0,0,27,117,563.4429304,10577.02513,98,0.009265365,26,0.002458158,0,0.587617725,0.123135061,0.289247213,0.030376701,0.15500933,0.020806008,-0.164123815,-0.174341108,0.646942424,-0.210151618,0.052087201
Mill Creek Playground and Recreation Center,5,0,0,0,0,22,60,289.2116775,10632.36858,196,0.018434274,70,0.006583669,0,0.231354613,0.341549227,0.42709616,0.694258172,0.081654372,0.650140937,-0.198984047,-0.299201709,0.230109944,0.036647547,-0.23261565
Morton Playground,3,0,0,0,0,15,78,370.689292,10534.01818,222,0.021074579,198,0.018796246,0,0.353973223,0.425881842,0.220144935,2.009454273,0.706116283,0.313684811,0.202981459,-0.221276061,0.48172565,-0.430400923,-0.217257893
Woodside Park,4,0,1,0,0,7,23,105.2073943,10601.713,29,0.002735407,7,0.000660271,0,0.163964635,0.588964472,0.247070893,-0.081506027,0.899212544,1.140463583,-0.29950569,-0.323868325,0.515289711,-0.1244323,0.215641575
Miles Mack Playground,4,0,0,0,0,5,54,261.7005776,10257.12348,167,0.016281368,83,0.008091937,0,0.035188199,0.479464545,0.485347256,-0.094658761,0.157512328,1.082298482,-0.411679963,-0.489542037,0.570125153,-0.269409215,0.203238892
Cloverly Park,1,0,0,0,0,16,73,352.7550498,10296.39547,58,0.005633039,4,0.000388485,0,0.764468036,0.176320995,0.059210969,0.183293734,0.008246339,0.497458696,0.161074591,-0.206871537,0.174267225,-0.06173343,0.164849163
Roberto Clemente Playground,4,0,1,0,0,23,179,858.5024736,10290.18677,139,0.013508015,93,0.009037737,0,0.140757646,0.376749541,0.482492813,0.282019236,0.207609726,0.904830176,-0.286030429,-0.076196625,0.705675313,0.057398886,-0.095421488
Matthias Baldwin Park,0,0,0,0,0,38,106,519.4065362,8709.121791,42,0.00482253,60,0.006889328,0,0.445902944,0.178719173,0.375377884,0.138035673,0.260971221,0.050790641,0.571238171,-0.183630342,0.364425583,-0.02570179,0.706721416
Conestoga Community Playground,5,0,0,0,0,66,125,560.2970426,9941.165009,359,0.036112468,229,0.02303553,0,0.105383088,0.509975262,0.38464165,-0.015338618,-0.167954953,-0.073988169,-0.267420467,-0.39000752,0.175203562,-0.249588975,-0.402271374
Bernard Samuel Playground,5,0,0,0,0,31,81,397.6003375,9845.476842,45,0.004570627,13,0.001320403,0,0.104445476,0.346075907,0.549478617,0.182911085,0.21096081,0.853030597,-0.491723042,0.050375972,0.361974918,-0.06812964,-0.226213332
Frank JG Dorsey Memorial Playground,4,0,0,0,0,17,113,531.4851529,9780.440281,193,0.019733263,75,0.007668366,0,0.076874044,0.528967647,0.394158309,-0.071381515,0.384378197,0.854244444,0.043772182,-0.233809046,0.414701086,0.525910926,-0.156766862
John F Kennedy Plaza (LOVE Park),0,0,1,0,1,107,362,1773.176477,9769.48709,471,0.048211333,935,0.09570615,0.028302957,0.342429615,0.013197646,0.616069782,-0.00982055,-0.159874341,0.014911737,-0.207340888,-0.129829176,-0.165334051,-0.073440752,0.069298683
12th and Cambria Playground,5,0,0,0,0,37,77,374.255757,9459.064115,317,0.033512829,285,0.030129831,0,0.138608568,0.457297693,0.404093739,0.616043224,0.091348913,0.381824205,-0.193546018,-0.220293813,0.11921536,-0.272789295,-0.186625351
Starr Garden Playground,4,0,0,0,0,55,193,948.8289955,8768.931064,119,0.013570639,56,0.006386183,0,0.616015357,0.217487815,0.166496828,0.435417054,0.321850916,0.675285701,-0.220112131,0.023065193,0.422588267,0.003286891,-0.30503292
Thomas I Guerin Recreation Center,4,0,0,0,0,42,102,503.175381,8283.233604,130,0.015694354,133,0.016056531,0,0.009826222,0.006706919,0.983466858,0.129955777,0.28243646,0.362810411,-0.119291907,-0.128542341,0.269520874,-0.247655852,-0.252269345
Pretzel Park,2,0,0,0,0,25,82,400.8117135,8161.218752,76,0.009312335,4,0.000490123,0,0.587298084,0.117147247,0.295554669,-0.007026789,0.028063666,0.906419593,-0.079883105,-0.054298536,0.287089246,0.271179312,-0.021446967
A Giuseppe DiSilvestro Playground,3,0,0,0,0,43,208,1030.903645,8056.230456,178,0.022094701,119,0.014771176,0,0.170646967,0.00298415,0.826368882,0.448589783,0.130251643,0.836194926,-0.055169993,-0.048996149,0.203421509,-0.113322328,-0.130870486
Penrose Memorial Playground,5,0,0,0,0,26,128,638.211312,7921.295962,221,0.027899475,248,0.031308008,0,0.242409137,0.150575436,0.607015427,0.090132495,0.263886515,0.374680629,-0.213373389,-0.130454214,0.157098193,-0.254054199,-0.465165891
Charles Seger Park,5,0,0,0,0,39,193,962.8124771,7734.783429,124,0.016031477,32,0.004137155,0,0.510810762,0.043834193,0.445355044,0.336375142,0.506470964,0.816138567,-0.29073661,-0.060752439,0.198664598,0.157934568,-0.271313125
Venice Island Performing Arts and Recreation Center,3,0,0,0,0,26,87,459.5499649,19599.92799,88,0.004489812,3,0.000153062,0,0.487989707,0.049204027,0.462806266,-0.14200529,-0.142489514,0.104950943,-0.129494804,0.163979539,0.343431481,-0.01948087,0.070797865
Hancock Playground,6,0,0,0,0,9,63,319.1387274,7217.258953,53,0.007343508,8,0.001108454,0,0.221604761,0.333102985,0.445292255,0.220917749,0.549533035,1.120287977,-0.079134047,0.099744592,0.295519816,-0.008081823,-0.323758358
Howard Sayre Morris Recreation Center,3,0,0,0,0,50,74,381.2803144,6498.848306,334,0.051393722,289,0.044469418,0,0.063424722,0,0.936575278,-0.011752197,0.364389945,0.183368775,-0.368188465,0.266599289,0.449207601,-0.145749984,-0.378833082
Reverend Edward P Burke Playground,4,0,0,0,0,66,81,443.3561861,4948.8866,121,0.024449944,24,0.004849576,0,0.141599238,0.027003948,0.831396814,0.460000729,0.143217518,0.708081716,-0.199133616,-0.23580133,0.974410453,0.119780228,-0.217986295
Sherwood Park,1,0,0,0,0,46,125,609.3580506,6667.019701,359,0.053847149,181,0.027148562,0,0.602005403,0.117809643,0.280184954,0.133582537,0.182465971,0.20517231,-0.204117078,-0.107854192,0.383956865,-0.188709616,-0.200407598
Norman (Butch) Ellis Playground,4,0,0,0,0,20,78,403.3562661,5988.504052,265,0.044251452,258,0.043082546,0,0.077925083,0.001284098,0.920790819,0.16600768,-0.21548131,0.819224988,-0.271177639,-0.002800836,0.490086941,-0.323979631,-0.324860866
Michael J Towey Playground,4,0,0,0,0,22,108,579.0954238,5875.951325,157,0.026719078,57,0.009700557,0,0.162888032,0.079899551,0.757212417,-0.012363514,0.772344878,0.892070851,-0.1952785,-0.136365023,0.298307441,-0.073716778,-0.23537636
Shot Tower Recreation Center,3,0,0,0,0,75,73,388.184476,5820.029426,31,0.005326434,7,0.001202743,0,0.132954031,0.332385079,0.53466089,0.400205579,0.43968702,0.851167198,-0.312304808,0.020134872,0.334108206,0.286487198,-0.099916677
Marian Winfield Hissey Recreation Center,4,0,0,0,0,31,149,799.2121047,5832.37158,443,0.07595538,2792,0.478707497,0,0.411872298,0.396645921,0.191481781,1.530144942,0.221639948,0.367807823,-0.255505277,0.084900074,0.632165921,-0.090899032,-0.261664189
Jerome Brown Playground,3,0,0,0,0,17,65,319.780879,5596.830447,235,0.041988051,84,0.015008495,0,0.368693995,0.207312243,0.423993762,0.308123007,0.085740624,0.389404889,-0.121378026,-0.126452405,0.391707512,-0.21745598,-0.189714601
Inn Yard Park,2,0,0,0,0,23,33,173.4268427,5739.663116,45,0.007840181,13,0.002264941,0,0.375190075,0.386413555,0.23839637,-0.280283045,-0.166687823,0.50731004,-0.058519594,0.003963456,-0.022367469,0.142042645,-0.287085886
Lovett Park,0,0,0,0,0,11,28,150.780891,4962.751425,30,0.006045034,4,0.000806005,0,0.69569951,0.116284913,0.188015577,-0.128646562,-0.205781556,0.012728319,-0.291770507,-0.361062206,-0.102584403,-0.295710243,-0.309088723
Kelly Pool,1,0,0,0,0,6,6,32.58905363,5375.932634,1,0.000186014,0,0,0,0.090502635,0.500547603,0.408949762,-0.141736208,0.083895413,-0.08348172,0.67108594,0.313444458,-0.102254742,-0.095778834,0.743739239
20th and Tioga Field,1,0,0,0,0,13,73,402.4144221,4836.957696,185,0.038247182,63,0.013024716,0,0.031638046,0.677389324,0.29097263,0.068593802,0.580458239,-0.128362623,0.032786313,-0.283663546,-0.039611445,-0.433297802,0.156323552
Nelson M Herron Playground and Recreation Center,3,0,0,0,0,18,69,383.6225636,4531.908829,51,0.011253536,13,0.002868548,0,0.080728251,0.061161472,0.858110277,-0.019215842,0.064649494,0.593105648,-0.268216185,-0.218843503,0.235040606,0.061817468,-0.251393359
Black Coyle and McBride Playground,4,0,0,0,0,25,148,771.4597112,4321.400844,157,0.036330812,69,0.015967045,0,0.186316785,0.004039562,0.809643653,0.169427703,0.054465618,0.006592965,-0.31965653,-0.259591698,0.466176863,-0.16759379,-0.412344456
Fairview Park,0,0,0,0,0,15,39,220.4553072,4090.871424,19,0.004644487,14,0.003422254,0,0.600403,0.000609581,0.398987419,-0.069589964,1.081617994,0.627514006,-0.033190284,-0.20850844,0.252901312,0.748302009,0.58020113
Hawthorne Cultural Center,4,0,0,0,0,38,90,489.473778,4137.457662,72,0.017401991,66,0.015951825,0,0.085989821,0,0.914010179,-0.128392356,0.236952586,0.432517396,-0.257062505,-0.150915844,-0.197958773,-0.156150364,0.182233998
Konrad Square,0,0,0,0,0,24,109,616.5591106,4111.94225,92,0.022373855,31,0.007539016,0,0.537659406,0.184683546,0.277657048,0.17390348,-0.011448699,0.025598332,-0.355416704,-0.216377883,0.246280921,-0.110301075,0.07083086
Ridgway Park,1,0,0,0,0,46,130,716.4590645,4109.621942,122,0.029686429,85,0.020683168,0,0.583581964,0.034184576,0.38223346,-0.124597978,-0.205949796,-0.258449151,-0.133178382,-0.36120997,-0.016893445,-0.29773495,-0.374626405
Ann P Nichols Park,1,0,1,0,0,16,73,419.4611296,3583.935274,351,0.097937037,379,0.105749678,0,0.379955543,0.282574659,0.337469798,-0.203337888,-0.464552998,0.776717652,-0.08221782,-0.229736083,1.378284478,-0.561238387,-0.357538758
Weccacoe Square,3,0,0,0,0,21,96,552.3095648,3657.317067,110,0.030076692,89,0.024334778,0,0.460489431,0.019698462,0.519812107,0.295906804,0.722281269,1.504686995,-0.299203469,-0.002964844,0.361950304,-0.156949787,-0.116383687
Colonel Thomas J Powers Park,0,0,0,0,0,13,75,429.9258956,3634.285334,88,0.024213839,15,0.004127359,0.003411863,0.526208448,0.182391735,0.287987954,0.639795466,0.202281423,0.215773103,0.262821438,-0.322947172,0.608869672,-0.204984841,0.141018133
Gold Star Park,2,0,0,0,0,19,81,467.3112088,3573.158566,87,0.024348206,25,0.006996611,0,0.785557817,0.065891247,0.148550935,-0.029342745,0.018442782,0.277349374,0.10200513,-0.158244416,0.18517234,0.117090073,-0.134499433
Thomas P Stokley Recreation Center,5,0,0,0,0,15,80,465.410722,3409.008536,101,0.029627383,14,0.004106766,0,0,0,1,0.06158989,0.216137524,1.122550328,-0.199990948,-0.036168452,0.386745721,-0.104503798,-0.379963436
Waterloo Playground,4,0,0,0,0,53,65,336.1741786,4199.603429,212,0.050480957,149,0.035479541,0,0.136455103,0.002325658,0.861219239,0.015395349,-0.205751208,0.304399239,-0.268534969,0.651221533,0.242594326,-0.192449819,-0.337350402
Palmer Park,0,0,0,0,0,22,66,387.1944492,3301.051787,41,0.012420284,10,0.003029338,0,0.69533644,0.229652017,0.075011543,0.216199658,0.352731484,0.147503216,0.299763061,-0.132817161,0.152507195,-0.112971721,-0.07356935
Trenton and Auburn Playground,3,0,0,0,0,9,83,474.9160014,3270.688925,180,0.055034277,132,0.04035847,0,0.199580633,0.031452535,0.768966832,-0.00255231,0.837413509,1.352876264,-0.35554748,-0.241333355,-0.248051493,-0.189620465,-0.290916975
James Otis Ford Playground,4,0,0,0,0,41,97,557.8037933,3237.190273,255,0.078772015,373,0.115223378,0,0.152868423,0.014015792,0.833115785,-0.036907948,-0.087158112,0.006397987,-0.340484064,0.301957696,0.188817817,-0.195292423,-0.293559478
Ben Barkan Park,1,0,0,0,0,23,81,470.3847599,3160.917483,146,0.046189121,40,0.012654554,0,0.797492768,0.049443324,0.153063908,0.571264401,0.031160887,0.677600417,0.137608222,-0.192141865,0.209469026,-0.116644468,-0.055283768
Charles A Baker Playground,4,0,1,0,0,22,73,419.9064069,3072.028082,284,0.092447072,213,0.069335304,0,0.238421646,0,0.761578354,2.217336061,0.815131047,0.268497204,-0.29434197,-0.284560728,0.683411518,-0.246679096,-0.262009262
8th and Diamond Playground,3,0,0,0,0,18,74,430.2748064,2933.774233,193,0.065785567,96,0.032722354,0,0.118852556,0,0.881147444,0.136584693,0.041558828,0.542362537,-0.32198522,-0.26390821,-0.131558069,-0.258298554,-0.324257868
Frank S Nelson Jr Memorial Recreation Center,3,0,0,0,0,23,70,408.2566287,2916.515386,173,0.059317362,271,0.092919105,0,0.156967077,0.000570098,0.842462825,0.81245898,-0.379293571,0.614471644,-0.42206162,-0.221883271,0.113573737,-0.23831517,-0.231685055
Fitler Square,0,0,0,1,0,28,81,475.0862225,2913.859028,31,0.010638813,11,0.003775063,0,0.748502282,0.033044884,0.218452834,-0.173878648,-0.068720629,0.166587298,0.124536797,-0.286556259,0.109484663,-0.196571264,0.346550378
Veterans Memorial Recreation Center of the Nineteenth Ward,3,0,0,0,0,33,65,383.0851178,2660.734774,284,0.106737433,296,0.111247466,0,0.234234234,0.00390564,0.761860126,-0.262865461,0.509983413,0.529189809,-0.11547051,-0.255509418,-0.189702205,-0.75148574,-0.348601266
Frank Glavin Playground,3,0,0,0,0,14,83,501.2614129,2544.510411,66,0.025938192,13,0.005109038,0,0.056490254,0,0.943509746,0.188450943,-0.159841906,0.825423722,-0.293206821,-0.267396888,1.09177712,-0.04831278,-0.487220687
Triangle Park,0,0,1,0,0,11,37,212.8788139,2508.735805,110,0.043846785,94,0.037469071,0,0.202672852,0.752319417,0.045007731,-0.142641058,0.310082306,-0.214026993,-0.232854919,0.3082151,0.061175385,-0.181525483,-0.077865816
Cianfrani Park,0,0,0,0,0,16,115,687.2814864,2463.622421,64,0.025978007,16,0.006494502,0,0.547149123,0.101073999,0.351776878,0.530794156,0.07444246,0.524325004,-0.218738805,0.021231815,0.034719061,0.171507135,0.110577263
Clayborne and Lewis Playground,3,0,0,0,0,37,23,139.6051708,2390.387448,88,0.036814116,14,0.005856791,0,0.271402075,0,0.728597925,0.023081843,-0.104446317,-0.144078193,-0.559860874,-0.306209406,-0.028411461,-0.346996203,-0.603431258
Mario Lanza Park,1,0,0,0,0,14,79,478.5736588,2051.435242,49,0.023885716,21,0.010236736,0,0.908823827,0.019146996,0.072029176,-0.312833508,0.458434643,0.489197657,0.328501581,0.233890076,0.18482826,0.040543361,0.027519701
James L Wright Playground,2,0,0,0,0,61,86,511.1025688,2221.973363,195,0.087759828,94,0.042304738,0,0.118837507,0,0.881162493,-0.074721482,-0.044092921,-0.189546095,-0.273810756,-0.204933095,-0.191943381,0.384961879,-0.545912432
Emanuel Weinberg Park,0,0,0,0,0,33,104,633.1358339,1706.034204,242,0.141849442,377,0.220980329,0,0.614225975,0.030977224,0.354796801,0.520296817,-0.240619544,0.015933739,0.521006655,-0.26723822,0.239356219,0.055209037,-0.329476469
Wissahickon Neighbors Playground,3,0,0,0,0,4,33,209.626639,1602.527584,13,0.008112185,2,0.001248028,0,0.278162013,0,0.721837987,0.033799842,0.62311366,1.744696449,-0.218301275,0.272020903,-0.301960028,-0.152501078,-0.478497466
Louis I Kahn Park,0,0,0,0,0,28,123,753.297668,1571.474773,111,0.070634287,51,0.032453591,0,0.88070887,0.008860871,0.110430259,0.356117477,-0.455209522,-0.184974086,0.853417984,-0.041014656,-0.15679003,1.848089022,0.354332173
John (Steve) Schmidt Playground,3,0,0,0,0,30,95,601.8370839,1483.570701,318,0.214347722,383,0.258160935,0,0,0,1,1.284751697,0.067565344,0.194494048,-0.270788872,0.143280838,0.575609821,-0.173449999,-0.06594743
OConnor Pool,1,0,0,0,0,27,31,198.0728951,1512.100983,15,0.009919972,3,0.001983994,0,0.033988365,0,0.966011635,0.000376803,-0.094181185,0.067303229,-0.176778423,0.564414045,0.804185242,-0.097647118,-0.226948907
Delancey Park,1,0,0,0,0,25,68,351.3301576,2371.070086,32,0.013496016,11,0.004639256,0,0.459510798,0.363248488,0.177240714,0.235581396,-0.221835595,0.62025812,-0.043375561,-0.166063093,0.209859122,-0.076081176,-0.082946116
Edward Shippen Plaza (Bainbridge Green),0,0,0,0,0,28,226,986.8304929,1409.919792,193,0.136887219,97,0.06879824,0,0.43654224,0,0.56345776,-0.300025889,-0.188088751,0.087000679,0.343178145,-0.111459363,-0.220408851,-0.220470751,0.330327806
Julian Abele Park,0,0,0,0,0,22,87,565.9579468,1157.612356,67,0.057877751,67,0.057877751,0.025789852,0.159885112,0.426041168,0.388283868,-0.061826118,0.142603961,0.514700934,0.16031775,0.024427061,0.130200845,0.033809031,-0.196291544
Ralph Brooks Park,3,0,0,0,0,20,104,677.3749887,1155.121757,230,0.199113209,279,0.24153298,0,0.011513552,0,0.988486448,0.165199445,1.221910813,0.119532511,-0.031928467,-0.386982871,-0.039230797,-0.353474252,-0.207162379
Mummers Museum,0,1,0,0,0,92,44,288.8248942,1011.587241,41,0.040530365,10,0.009885455,0,0.069990412,0,0.930009588,-0.244487318,-0.461100834,-0.037951265,-0.234848905,-0.196185213,-0.26901551,-0.154551758,-0.447908524
Ned Wolf Park,0,0,0,1,0,1,18,117.4750699,998.8461471,4,0.004004621,2,0.00200231,0,0.756190608,0.078865229,0.164944163,-0.124252986,-0.06881153,0.533669069,0.462371423,-0.163975437,0.150307314,-0.395788299,0.408541585
Betsy Ross House,0,1,0,0,0,25,87,576.4799997,955.8242212,24,0.025109219,10,0.010462175,0,0.823316175,0,0.176683825,-0.186450168,-0.375135032,-0.298694181,-0.429145866,-0.029013833,-0.396911736,-0.134035026,-0.420016239
Giuseppe Bardascino Park,0,0,0,0,0,28,80,533.8144852,945.0124277,56,0.05925848,19,0.020105556,0,0.605305584,0,0.394694416,0.14670426,0.049423034,0.386940383,-0.145927849,-0.232795791,-0.11635771,-0.080305145,0.004747179
Thomas Hart Park,2,0,0,0,0,32,38,249.1439839,872.2381895,41,0.047005509,5,0.005732379,0,0.269328465,0.026591522,0.704080013,0.898999309,-0.190286167,1.183208946,-0.112203749,0.328550043,-0.223517098,-0.142532607,0.093797877
I-95 Park,0,0,0,0,2,350,381,459.7286036,52906.98762,259,0.004895384,119,0.00224923,0,0.4321379,0.086499332,0.481362767,-0.226553669,0.085228756,-0.275455381,0.09837484,-0.19320035,-0.168878171,-0.482628746,0.137050178
General Casimir Pulaski Park,1,0,0,0,0,8,4,16.52957501,7811.490082,4,0.000512066,2,0.000256033,0.19254372,0.234268029,0.140248661,0.432939591,0.094253249,-0.101016657,-0.06081029,0.284773051,-0.112999973,0.091029804,-0.151208763,0.301399314
Cecil B Moore Recreation Center,4,0,0,0,0,54,144,675.5102077,8652.461988,291,0.033632046,203,0.02346153,0,0.251711246,0.030550241,0.717738514,0.032931991,0.211038496,0.218708831,-0.409299786,-0.267842666,-0.167005981,0.07863685,-0.238104022
Shofuso Japanese Garden,0,1,1,1,0,14,2,11.25389687,4376.805919,2,0.000456954,0,0,0.016609402,0.672989534,0.041753092,0.268647973,-0.143948342,-0.196455683,-0.244172687,1.24585324,0.178098675,-0.165010751,0.027515647,0.907601624
Paines Park,0,0,0,0,0,210,21,92.18767834,11434.33021,13,0.001136927,14,0.001224383,0.006482766,0.349269629,0.568974814,0.075272791,0.140310351,-0.137311608,-0.043062904,0.034327983,-0.038417721,-0.253655376,-0.2260941,-0.123341932
Ingersoll Park,0,0,0,0,0,28,118,672.560931,3128.540985,158,0.050502775,112,0.035799435,0,0.282497509,0.255064763,0.462437728,-0.120458148,-0.205792099,0.625921811,0.738087198,-0.263690864,-0.085500776,0.849800595,0.40480379
Glen Foerd on the Delaware,0,1,0,0,0,6,5,22.14094075,92659.0047,9,9.71E-05,0,0,0.123118362,0.635670841,0.140822359,0.100388438,-0.169615578,0.014976807,-0.174635731,0.6745805,-0.118840167,-0.139708686,-0.195758744,1.382682298
Allens Lane Art Center,4,0,0,1,0,6,9,34.64505487,26606.75694,4,0.000150338,3,0.000112753,0.000497281,0.425781525,0.203197696,0.370523498,0.044044987,0.592529409,1.037053124,-0.223919156,-0.014472922,-0.385587663,-0.25526218,-0.532199415
Eric W (Hank) Gathers Jr Recreation Center,6,0,0,0,0,36,76,314.4621594,14939.00838,278,0.018609,96,0.006426129,0,0.249276626,0.335084579,0.415638795,-0.021025423,0.37285649,-0.051284536,-0.194124303,-0.273219472,0.062110306,-0.259652465,-0.468413939
Levy Park,0,0,0,0,0,83,248,1387.505569,2465.695951,225,0.091252127,362,0.146814533,0,0.456787349,0.060275819,0.482936831,-0.091098057,-0.141004658,-0.093591418,-0.261242167,-0.312941438,-0.439981942,-0.154911017,-1.282666793
Kingsessing Recreation Center,7,0,0,0,0,44,187,655.408035,37048.68392,412,0.011120503,150,0.004048727,0.002832792,0.197248358,0.415433202,0.384485647,0.276564951,0.503535307,0.430629656,-0.127760919,-0.007504062,0.022947412,-0.217545045,-0.319760294
William Lanier Park,3,0,0,0,0,24,117,513.7900316,16673.00796,324,0.019432606,309,0.018532949,0,0.044318026,0.6910911,0.264590874,0.677003548,0.285366249,0.188679333,-0.293370227,-0.143409354,0.598577499,-0.221463398,-0.315696476
Korean War Veterans Memorial,0,0,0,0,1,135,71,384.176574,5295.754747,32,0.006042576,23,0.004343101,0,0.258410946,0.128335601,0.613253453,-0.228437004,-0.35419688,-0.353954648,-0.195066064,-0.224330531,-0.357062465,-0.26368866,0.136237496
Northern Liberties Recreation Center,4,0,0,0,0,36,124,717.953816,2649.604695,69,0.026041621,14,0.005283807,0,0.050852332,0,0.949147668,-0.017757688,0.028859655,0.36420345,0.091022181,0.035132177,0.844862831,-0.153504951,-0.173285604
Aviator Park,0,0,0,0,0,187,81,401.0282122,7677.098798,47,0.006122104,36,0.004689271,0.030904758,0.467001228,0.101135461,0.400958553,1.464421476,-0.299796008,-0.237648392,0.873512735,-0.013234576,0.005863287,0.910430825,-0.166242108
Sister Cities Park,0,0,0,0,1,167,152,761.7063716,7041.2963,73,0.010367409,80,0.011361544,0.00422161,0.417604802,0.280751821,0.297421767,0.007058425,-0.051318532,0.257397612,0.06291887,0.020786815,-0.068837368,0.030929573,0.178397656
Cret Park,0,0,0,0,0,79,299,1583.583861,4562.462946,262,0.057425124,463,0.101480276,0.005725394,0.354063207,0.031193524,0.609017875,-0.036669672,-0.19455338,-0.072367871,-0.137475006,0.168786377,-0.114386303,-0.214262356,0.000585876
Tacony Boat Launch,0,0,0,0,0,0,0,0,15321.79754,0,0,0,0,0.198334441,0.225239277,0.195739352,0.38068693,0.383671721,0.103710263,-0.139657287,0.368709721,1.217140601,0.65146626,-0.126311158,-0.34225412
Carpenters Woods,0,0,0,0,0,12,33,60.58870721,170915.982,69,0.000403707,1,5.85083E-06,0,0.985546873,0.008317874,0.006135253,-0.137098009,0.579796575,-0.353933138,0.236101649,0.044249526,0.220007181,0.18616149,0.580201514
Officer Robert Hayes Memorial Playground Woods,0,0,0,0,0,25,126,359.9096191,77144.28119,12,0.000155553,0,0,0,0.968297724,0.018961563,0.012740712,0.700516786,0.212565399,1.211236425,-0.196580539,-0.008635034,0.351371012,0.054761019,-0.25222994
Officer Robert Hayes Memorial Playground,6,0,0,0,0,40,157,311.0477398,158783.1198,17,0.000107064,2,1.25958E-05,0,0.552702,0.3430082,0.1042898,-0.186389283,0.569868535,0.760940997,-0.243118871,0.282700752,-0.385942529,0.42108063,-0.303226743
Hope Park,0,0,0,0,0,41,133,717.5926827,4987.691698,582,0.116687244,4216,0.845280794,0,0.419505826,0.480576119,0.099918054,0.972019804,-0.059697798,-0.168536578,-0.240316584,-0.039599337,-0.051969765,-0.2199998,-0.228620077
Logan Square,0,0,0,0,1,215,259,764.0825611,37546.01809,109,0.002903104,123,0.00327598,0.007371782,0.315245163,0.159437855,0.517945199,-0.062451489,0.009230258,0.697242348,-0.125240317,-0.141409912,-0.122120148,-0.154513721,0.381402562
Philly Pumptrack,0,0,0,0,0,6,14,85.96078432,2144.149574,37,0.017256259,26,0.01212602,0.160338643,0.020551265,0.798074127,0.021035965,0.16334492,0.100652416,-0.185100999,-0.094145233,-0.275544949,-0.361721991,-0.041503964,-0.34602213
Glendinning Rock Garden,0,0,0,0,0,20,16,71.48588035,11274.59397,9,0.000798255,5,0.000443475,0.009267852,0.575467234,0.350955363,0.064309551,-0.080745717,0.081555943,-0.17322698,0.23318818,0.054362297,0.032980876,-0.038819975,0.481002679
Galusha Pennypacker Park,0,0,0,0,0,172,119,596.8120183,4588.810514,54,0.011767755,100,0.02179214,0.002156895,0.341166533,0.241677853,0.414998718,0.007058425,-0.051318532,0.257397612,0.06291887,0.020786815,-0.068837368,0.030929573,0.178397656
Cobbs Creek Park,11,2,2,1,1,624,713,304.5296074,3010129.48,1676,0.000556787,1026,0.000340849,0.001822265,0.624247674,0.320104279,0.053825783,0.068908379,0.34314421,0.211896543,0.049051756,-0.107180157,0.215496194,0.044398222,0.026002917
John A Lee Cultural Center,5,0,0,0,1,23,118,408.5981607,38828.78218,270,0.006953605,77,0.001983065,0.000654756,0.349818203,0.317843979,0.331683062,-0.123248068,-0.15518299,-0.091658925,-0.252073498,-0.312400532,-0.2123045,-0.613287307,-0.338367627
Burholme Park,5,1,2,0,0,8,31,122.2028764,274871.2174,17,6.18E-05,11,4.00187E-05,0.000133224,0.59884635,0.317167212,0.083853214,0.050715942,0.021242065,0.407986571,-0.045711341,0.010239822,0.391251643,-0.023934227,-0.067602261
Historic Rittenhouse Town,0,1,0,0,0,84,25,69.07177858,42780.7094,11,0.000257125,1,2.3375E-05,0.000867987,0.855556329,0.034304906,0.109270778,0.10382926,0.326061009,-0.19166871,0.474981111,0.063906081,-0.103185037,0.199191654,0.278751285
Belmont Grove,2,0,2,0,0,25,15,48.66615777,47597.0895,19,0.000399184,4,8.40388E-05,0.001029007,0.497403467,0.410472004,0.091095522,0.292123069,0.001375429,0.875830011,-0.295023277,0.589937539,0.501571352,-0.27294231,0.053138737
Mann Center for the Performing Arts,0,0,2,0,0,19,31,74.17897021,97150.84099,48,0.000494077,60,0.000617596,0.000216768,0.160451106,0.461802126,0.37753,0.043543801,-0.361554126,-0.119673352,-0.227160341,0.10731695,-0.067452491,-0.028633594,0.099885631
Blue Bell Park,1,0,1,0,0,5,6,18.03981286,33713.92017,6,0.000177968,2,5.93227E-05,0.000199301,0.475157283,0.383805696,0.14083772,-0.005439999,0.153115532,0.081353429,-0.031331645,0.071179714,-0.02812237,-0.083671105,0.124932292
Andorra Natural Area,0,2,0,0,0,23,15,24.244941,640035.6955,0,0,0,0,8.66E-06,0.942508459,0.05239212,0.005090762,-0.065339932,1.780118105,-0.267314319,1.803082693,-0.040005309,-0.160765226,0.034078532,0.924368757
Cobbs Creek Community Environmental Center,0,1,0,0,0,15,18,125.3155986,5871.092948,58,0.00987891,30,0.005109781,0,0.507143784,0.072051346,0.42080487,-0.142153734,0.472267242,0.130726157,0.56705555,-0.087097071,-0.441616949,0.36359299,-0.094842736
Brewerytown Garden,0,0,0,0,1,13,64,368.1261221,1929.362601,139,0.072044519,91,0.047165836,0,0.231443243,0.390383165,0.378173591,-0.020488687,0.220683258,0.015885388,1.259262461,-0.104255628,-0.249541278,0.24591211,0.262344277
Discovery Center at East Fairmount Reservoir,0,0,0,0,0,12,7,12.98883556,207172.5556,3,1.45E-05,2,9.65379E-06,0.702649951,0.27249305,0.012675612,0.012181388,-0.257049403,0.038398109,-0.29064998,0.601488911,0.160044743,-0.150309997,-0.427560676,0.65533761
Chamounix Aerial Adventure Course,0,0,0,0,0,17,4,10.61042224,68294.95343,5,7.32E-05,0,0,0,0.967362154,0.024666288,0.007971558,0.552128902,-0.14712792,-0.152038768,-0.200413179,0.003877855,-0.224518332,-0.13010088,-0.488338952
Bartrams Mile Trail Greenway,0,0,0,0,0,1,5,7.751210558,37300.02841,35,0.000938337,4,0.000107239,0.049816854,0.671535369,0.089226002,0.189421775,-0.264092339,-0.038561362,-0.245614227,1.217765318,-0.19807189,0.137939731,-0.506891089,1.121402073
Rail Park,0,0,0,0,0,60,188,756.6849008,3529.316949,123,0.034850936,57,0.016150434,0,0.342976099,0.057876235,0.599147666,-0.206419361,0.109467031,0.084502294,0.043351661,0.106335808,-0.127538165,0.075715481,0.481978957
Nicetown Park,1,0,0,0,0,49,136,463.6748179,11507.06507,599,0.052054976,448,0.038932603,0,0.42950192,0.203698576,0.366799504,0.487224831,0.227234149,0.344127726,-0.214189453,-0.021406725,0.725782559,-0.292343991,-0.164166868
